id,first_name,last_name,email,username,password
1,Geoff,Kindle,gkindle0@cbslocal.com,gkindle0,eni8k65
2,Agathe,Yellowley,ayellowley1@hao123.com,ayellowley1,R3Z7qIaksj
3,Joanna,Wermerling,jwermerling2@etsy.com,jwermerling2,oFLndskEA
4,Con,Tourmell,ctourmell3@spiegel.de,ctourmell3,E6zTSegdSo
5,Seline,Shawell,sshawell4@hhs.gov,sshawell4,I76Vur3
6,Pepito,Slowey,pslowey5@gizmodo.com,pslowey5,nopxgGZbjR
7,Kailey,Gelland,kgelland6@lycos.com,kgelland6,a8Jxsww
8,Fifi,Innot,finnot7@infoseek.co.jp,finnot7,Au9i4k
9,Mercy,Milella,mmilella8@godaddy.com,mmilella8,noL6SLbZC1gA
10,Glen,Manuel,gmanuel9@netvibes.com,gmanuel9,xuAtF7
11,Jon,Snow,jonsnow@thewall.com,jonsnow21,ihatethewall1!
12,Taylor,Swift,tswift13@outlook.com,tswift1989,lucky13
